"Article_num";"Article_ref";"Article_photo";"Article_puht";"Article_libelle_court";"Article_libelle_long";"Categorie_num"
"1";"9959";"https://yahoo.com";"8";"vel, vulputate eu, odio. Phasellus";"eleifend nec, malesuada ut, sem. Nulla interdum. C";"2"
"2";"7528";"http://baidu.com";"12";"pharetra nibh. Aliquam ornare, libero";"sit amet ante. Vivamus non lorem vitae odio sagitt";"3"
"3";"5841";"https://twitter.com";"19";"lacus. Ut nec urna et";"parturient montes, nascetur ridiculus mus. Proin v";"3"
"4";"1291";"http://whatsapp.com";"10";"sem. Nulla interdum. Curabitur dictum.";"cursus non, egestas a, dui. Cras pellentesque. Sed";"5"
"5";"7330";"http://facebook.com";"13";"aliquet odio. Etiam ligula tortor,";"ac nulla. In tincidunt congue turpis. In condiment";"4"
"6";"3811";"http://youtube.com";"30";"adipiscing lacus. Ut nec urna";"amet, consectetuer adipiscing elit. Curabitur sed ";"3"
"7";"4567";"https://yahoo.com";"13";"ut erat. Sed nunc est,";"mus. Proin vel arcu eu odio tristique pharetra. Qu";"3"
"8";"767";"https://google.com";"23";"lobortis quis, pede. Suspendisse dui.";"Maecenas malesuada fringilla est. Mauris eu turpis";"4"
"9";"3156";"http://bbc.co.uk";"29";"risus. Donec egestas. Aliquam nec";"fringilla ornare placerat, orci lacus vestibulum l";"2"
"10";"190";"https://google.com";"19";"purus gravida sagittis. Duis gravida.";"cursus non, egestas a, dui. Cras pellentesque. Sed";"4"
"11";"1196";"https://wikipedia.org";"24";"Quisque libero lacus, varius et,";"feugiat. Sed nec metus facilisis lorem tristique a";"1"
"12";"7979";"http://wikipedia.org";"13";"eget, volutpat ornare, facilisis eget,";"suscipit nonummy. Fusce fermentum fermentum arcu. ";"2"
"13";"10690";"https://baidu.com";"24";"malesuada id, erat. Etiam vestibulum";"ipsum dolor sit amet, consectetuer adipiscing elit";"1"
"14";"1577";"http://zoom.us";"23";"Nunc ullamcorper, velit in aliquet";"natoque penatibus et magnis dis parturient montes,";"3"
"15";"164";"https://pinterest.com";"29";"tortor. Integer aliquam adipiscing lacus.";"eu nibh vulputate mauris sagittis placerat. Cras d";"4"
"16";"3513";"https://bbc.co.uk";"7";"ultrices, mauris ipsum porta elit,";"sit amet ante. Vivamus non lorem vitae odio sagitt";"1"
"17";"8077";"https://twitter.com";"29";"lorem, sit amet ultricies sem";"urna justo faucibus lectus, a sollicitudin orci se";"1"
"18";"4556";"https://whatsapp.com";"29";"libero at auctor ullamcorper, nisl";"sodales purus, in molestie tortor nibh sit amet or";"1"
"19";"610";"https://google.com";"25";"scelerisque dui. Suspendisse ac metus";"Donec est. Nunc ullamcorper, velit in aliquet lobo";"2"
"20";"4338";"http://instagram.com";"29";"odio. Aliquam vulputate ullamcorper magna.";"augue eu tellus. Phasellus elit pede, malesuada ve";"5"
"21";"223";"http://baidu.com";"14";"pede blandit congue. In scelerisque";"Sed eu nibh vulputate mauris sagittis placerat. Cr";"3"
"22";"3762";"https://guardian.co.uk";"13";"sed sem egestas blandit. Nam";"tempor diam dictum sapien. Aenean massa. Integer v";"3"
"23";"8674";"https://naver.com";"9";"netus et malesuada fames ac";"quam, elementum at, egestas a, scelerisque sed, sa";"2"
"24";"1491";"http://baidu.com";"13";"sem eget massa. Suspendisse eleifend.";"feugiat tellus lorem eu metus. In lorem. Donec ele";"3"
"25";"538";"http://facebook.com";"21";"eu, placerat eget, venenatis a,";"velit egestas lacinia. Sed congue, elit sed conseq";"4"
"26";"6292";"https://cnn.com";"17";"orci lobortis augue scelerisque mollis.";"rutrum lorem ac risus. Morbi metus. Vivamus euismo";"4"
"27";"3023";"https://youtube.com";"10";"ut dolor dapibus gravida. Aliquam";"semper auctor. Mauris vel turpis. Aliquam adipisci";"2"
"28";"7901";"https://cnn.com";"20";"non, lobortis quis, pede. Suspendisse";"Donec non justo. Proin non massa non ante bibendum";"5"
"29";"7795";"http://pinterest.com";"24";"in faucibus orci luctus et";"sit amet, faucibus ut, nulla. Cras eu tellus eu au";"5"
"30";"4467";"http://baidu.com";"12";"fringilla mi lacinia mattis. Integer";"Mauris blandit enim consequat purus. Maecenas libe";"1"
"31";"4482";"https://yahoo.com";"22";"mauris, rhoncus id, mollis nec,";"neque. Nullam ut nisi a odio semper cursus. Intege";"3"
"32";"612";"https://yahoo.com";"25";"elit fermentum risus, at fringilla";"Sed dictum. Proin eget odio. Aliquam vulputate ull";"3"
"33";"8030";"http://twitter.com";"14";"diam dictum sapien. Aenean massa.";"iaculis nec, eleifend non, dapibus rutrum, justo. ";"2"
"34";"5119";"https://google.com";"6";"ut, nulla. Cras eu tellus";"vulputate eu, odio. Phasellus at augue id ante dic";"2"
"35";"8688";"https://cnn.com";"19";"nonummy ultricies ornare, elit elit";"tellus id nunc interdum feugiat. Sed nec metus fac";"3"
"36";"6583";"http://wikipedia.org";"29";"luctus sit amet, faucibus ut,";"ultrices a, auctor non, feugiat nec, diam. Duis mi";"5"
"37";"4522";"https://twitter.com";"6";"cursus. Integer mollis. Integer tincidunt";"convallis, ante lectus convallis est, vitae sodale";"2"
"38";"3795";"http://bbc.co.uk";"12";"condimentum eget, volutpat ornare, facilisis";"lacinia. Sed congue, elit sed consequat auctor, nu";"4"
"39";"4047";"https://baidu.com";"26";"sagittis semper. Nam tempor diam";"ipsum. Suspendisse sagittis. Nullam vitae diam. Pr";"2"
"40";"7052";"http://google.com";"28";"est ac mattis semper, dui";"neque venenatis lacus. Etiam bibendum fermentum me";"3"
"41";"5793";"https://netflix.com";"29";"erat neque non quam. Pellentesque";"aliquet molestie tellus. Aenean egestas hendrerit ";"5"
"42";"5867";"https://twitter.com";"11";"semper auctor. Mauris vel turpis.";"purus sapien, gravida non, sollicitudin a, malesua";"4"
"43";"519";"http://netflix.com";"20";"et ipsum cursus vestibulum. Mauris";"Fusce fermentum fermentum arcu. Vestibulum ante ip";"3"
"44";"4074";"https://yahoo.com";"6";"pede. Praesent eu dui. Cum";"purus. Duis elementum, dui quis accumsan convallis";"3"
"45";"4447";"http://pinterest.com";"17";"sit amet, consectetuer adipiscing elit.";"pede, malesuada vel, venenatis vel, faucibus id, l";"4"
"46";"6374";"http://walmart.com";"22";"euismod enim. Etiam gravida molestie";"in aliquet lobortis, nisi nibh lacinia orci, conse";"2"
"47";"3520";"http://bbc.co.uk";"8";"condimentum eget, volutpat ornare, facilisis";"ipsum. Phasellus vitae mauris sit amet lorem sempe";"2"
"48";"8872";"https://nytimes.com";"20";"Maecenas ornare egestas ligula. Nullam";"eleifend egestas. Sed pharetra, felis eget varius ";"3"
"49";"1567";"http://guardian.co.uk";"14";"ligula. Aenean euismod mauris eu";"Etiam ligula tortor, dictum eu, placerat eget, ven";"3"
"50";"6533";"https://twitter.com";"25";"mattis. Cras eget nisi dictum";"Nunc sed orci lobortis augue scelerisque mollis. P";"2"
"51";"3861";"https://zoom.us";"8";"vel, vulputate eu, odio. Phasellus";"at, velit. Pellentesque ultricies dignissim lacus.";"5"
"52";"8241";"https://yahoo.com";"14";"convallis est, vitae sodales nisi";"amet, faucibus ut, nulla. Cras eu tellus eu augue ";"4"
"53";"7746";"https://google.com";"18";"erat. Vivamus nisi. Mauris nulla.";"ultricies ligula. Nullam enim. Sed nulla ante, iac";"2"
"54";"1901";"https://yahoo.com";"8";"non, egestas a, dui. Cras";"diam. Duis mi enim, condimentum eget, volutpat orn";"4"
"55";"8749";"http://google.com";"6";"sociis natoque penatibus et magnis";"Nulla tempor augue ac ipsum. Phasellus vitae mauri";"3"
"56";"8445";"http://reddit.com";"6";"neque vitae semper egestas, urna";"rutrum magna. Cras convallis convallis dolor. Quis";"3"
"57";"7550";"https://walmart.com";"14";"tempus eu, ligula. Aenean euismod";"Morbi non sapien molestie orci tincidunt adipiscin";"4"
"58";"10575";"http://instagram.com";"16";"rhoncus. Proin nisl sem, consequat";"cursus. Integer mollis. Integer tincidunt aliquam ";"4"
"59";"1435";"https://ebay.com";"14";"porttitor interdum. Sed auctor odio";"Pellentesque tincidunt tempus risus. Donec egestas";"3"
"60";"5505";"http://walmart.com";"26";"mauris. Morbi non sapien molestie";"turpis vitae purus gravida sagittis. Duis gravida.";"4"
"61";"827";"https://instagram.com";"6";"mauris, rhoncus id, mollis nec,";"molestie. Sed id risus quis diam luctus lobortis. ";"2"
"62";"7952";"https://ebay.com";"16";"et magnis dis parturient montes,";"vitae odio sagittis semper. Nam tempor diam dictum";"5"
"63";"3914";"http://zoom.us";"13";"nisl arcu iaculis enim, sit";"metus. In nec orci. Donec nibh. Quisque nonummy ip";"3"
"64";"4381";"http://youtube.com";"27";"dis parturient montes, nascetur ridiculus";"lorem, eget mollis lectus pede et risus. Quisque l";"5"
"65";"4541";"http://facebook.com";"7";"Nunc sollicitudin commodo ipsum. Suspendisse";"feugiat. Lorem ipsum dolor sit amet, consectetuer ";"4"
"66";"36";"https://zoom.us";"27";"condimentum. Donec at arcu. Vestibulum";"dolor. Fusce feugiat. Lorem ipsum dolor sit amet, ";"4"
"67";"1290";"https://wikipedia.org";"9";"nec orci. Donec nibh. Quisque";"magna nec quam. Curabitur vel lectus. Cum sociis n";"1"
"68";"844";"https://youtube.com";"25";"quis, pede. Praesent eu dui.";"Donec sollicitudin adipiscing ligula. Aenean gravi";"2"
"69";"641";"http://youtube.com";"10";"non nisi. Aenean eget metus.";"Nunc sed orci lobortis augue scelerisque mollis. P";"2"
"70";"8387";"https://baidu.com";"29";"ullamcorper, nisl arcu iaculis enim,";"Nunc mauris elit, dictum eu, eleifend nec, malesua";"4"
"71";"9537";"http://instagram.com";"29";"mi felis, adipiscing fringilla, porttitor";"arcu. Aliquam ultrices iaculis odio. Nam interdum ";"4"
"72";"7837";"https://netflix.com";"27";"Phasellus vitae mauris sit amet";"aliquet libero. Integer in magna. Phasellus dolor ";"3"
"73";"4944";"http://wikipedia.org";"5";"egestas ligula. Nullam feugiat placerat";"faucibus orci luctus et ultrices posuere cubilia C";"5"
"74";"4687";"https://netflix.com";"27";"nonummy ultricies ornare, elit elit";"venenatis a, magna. Lorem ipsum dolor sit amet, co";"3"
"75";"6555";"https://facebook.com";"16";"nibh dolor, nonummy ac, feugiat";"elementum, lorem ut aliquam iaculis, lacus pede sa";"3"
"76";"4240";"http://nytimes.com";"29";"non nisi. Aenean eget metus.";"mauris ipsum porta elit, a feugiat tellus lorem eu";"3"
"77";"10845";"http://youtube.com";"21";"neque vitae semper egestas, urna";"facilisis, magna tellus faucibus leo, in lobortis ";"4"
"78";"1175";"http://pinterest.com";"24";"ipsum cursus vestibulum. Mauris magna.";"orci tincidunt adipiscing. Mauris molestie pharetr";"2"
"79";"5972";"https://zoom.us";"26";"Aliquam ornare, libero at auctor";"vulputate, nisi sem semper erat, in consectetuer i";"3"
"80";"7771";"http://wikipedia.org";"10";"neque non quam. Pellentesque habitant";"non arcu. Vivamus sit amet risus. Donec egestas. A";"2"
"81";"9995";"https://twitter.com";"22";"volutpat. Nulla facilisis. Suspendisse commodo";"luctus felis purus ac tellus. Suspendisse sed dolo";"4"
"82";"818";"http://bbc.co.uk";"18";"elit, dictum eu, eleifend nec,";"senectus et netus et malesuada fames ac turpis ege";"5"
"83";"3149";"http://ebay.com";"13";"dui, semper et, lacinia vitae,";"sem, vitae aliquam eros turpis non enim. Mauris qu";"2"
"84";"10474";"http://yahoo.com";"30";"senectus et netus et malesuada";"Nullam velit dui, semper et, lacinia vitae, sodale";"4"
"85";"1439";"https://baidu.com";"7";"ipsum dolor sit amet, consectetuer";"penatibus et magnis dis parturient montes, nascetu";"2"
"86";"10380";"http://netflix.com";"29";"volutpat. Nulla facilisis. Suspendisse commodo";"lectus sit amet luctus vulputate, nisi sem semper ";"5"
"87";"10528";"https://youtube.com";"10";"sociis natoque penatibus et magnis";"consequat auctor, nunc nulla vulputate dui, nec te";"5"
"88";"6431";"http://reddit.com";"12";"Mauris magna. Duis dignissim tempor";"Vivamus nisi. Mauris nulla. Integer urna. Vivamus ";"5"
"89";"8767";"https://instagram.com";"19";"a, aliquet vel, vulputate eu,";"rutrum eu, ultrices sit amet, risus. Donec nibh en";"5"
"90";"6930";"https://netflix.com";"25";"est ac mattis semper, dui";"Etiam vestibulum massa rutrum magna. Cras convalli";"3"
"91";"1299";"https://guardian.co.uk";"28";"iaculis quis, pede. Praesent eu";"nisi magna sed dui. Fusce aliquam, enim nec tempus";"3"
"92";"7689";"http://naver.com";"17";"Fusce feugiat. Lorem ipsum dolor";"mattis ornare, lectus ante dictum mi, ac mattis ve";"3"
"93";"7688";"http://netflix.com";"18";"amet risus. Donec egestas. Aliquam";"arcu. Vivamus sit amet risus. Donec egestas. Aliqu";"2"
"94";"10660";"https://naver.com";"15";"natoque penatibus et magnis dis";"mi lorem, vehicula et, rutrum eu, ultrices sit ame";"4"
"95";"5803";"https://twitter.com";"5";"eu odio tristique pharetra. Quisque";"feugiat metus sit amet ante. Vivamus non lorem vit";"1"
"96";"7875";"https://pinterest.com";"23";"eu eros. Nam consequat dolor";"lacinia vitae, sodales at, velit. Pellentesque ult";"4"
"97";"10290";"https://whatsapp.com";"10";"auctor odio a purus. Duis";"Fusce mollis. Duis sit amet diam eu dolor egestas ";"2"
"98";"9823";"https://google.com";"11";"ornare placerat, orci lacus vestibulum";"egestas rhoncus. Proin nisl sem, consequat nec, mo";"1"
"99";"8297";"http://whatsapp.com";"29";"nulla. In tincidunt congue turpis.";"molestie arcu. Sed eu nibh vulputate mauris sagitt";"2"
"100";"8810";"https://pinterest.com";"10";"tempor lorem, eget mollis lectus";"ac libero nec ligula consectetuer rhoncus. Nullam ";"2"
